{"train/train_runtime": 132.9508, "train/train_samples_per_second": 2.783, "train/train_steps_per_second": 0.09, "train/total_flos": 154832847471360.0, "train/train_loss": 0.31963475545247394, "train/epoch": 1.0, "train/global_step": 12, "_runtime": 146, "_timestamp": 1626829302, "_step": 1, "eval/loss": 0.18446731567382812, "eval/precision": 0.7386363636363636, "eval/recall": 0.429042904290429, "eval/f1": 0.5427974947807933, "eval/runtime": 6.6367, "eval/samples_per_second": 13.41, "eval/steps_per_second": 1.808}